epoch,acc,loss,val_acc,val_loss
0,0.040000000596046449,5.2667247772216799,0.0,14.34729528427124
1,0.12000000178813934,5.7847499847412109,0.0,5.4268724918365479
